American University,International Relations and Affairs
American University,Business Administration and Management
American University,Political Science
Baylor University,Biology
Baylor University,Nursing
Baylor University,Accounting
Binghamton University SUNY,Business Administration and Management
Binghamton University SUNY,Biology
Binghamton University SUNY,Engineering
Boston College,Economics
Boston College,Finance
Boston College,Biology
Boston University,Marketing
Boston University,Social Sciences
Boston University,Communication
Brandeis University,Commerce
Brandeis University,Economics
Brandeis University,Biology
Brigham Young University at Provo,Marketing
Brigham Young University at Provo,Biomedical Engineering
Brigham Young University at Provo,Education
Brown University,Economics
Brown University,Computer Science
Brown University,Biology
California Institute of Technology,Engineering
California Institute of Technology,Computer Science
California Institute of Technology,Physics
Carnegie Mellon University,Information Technology
Carnegie Mellon University,Electrical Engineering
Carnegie Mellon University,Business Administration and Management
Case Western Reserve University,Biomedical Engineering
Case Western Reserve University,Biology
Case Western Reserve University,Mechanical Engineering
Clark University,Psychology
Clark University,Business Administration and Management
Clark University,Economics
Clemson University,Marketing
Clemson University,Engineering
Clemson University,Biomedical Sciences
College of William and Mary,Social Sciences
College of William and Mary,Marketing
College of William and Mary,Biomedical Sciences
Colorado School of Mines,Engineering
Colorado School of Mines,Information Technology
Colorado School of Mines,Mathematics
Columbia University,Social Sciences
Columbia University,Engineering
Columbia University,Biomedical Sciences
Cornell University,Engineering
Cornell University,Marketing
Cornell University,Biomedical Engineering
Darthmouth College,Social Sciences
Darthmouth College,Biomedical Sciences
Darthmouth College,Engineering
Drexel University,Nursing
Drexel University,Engineering
Drexel University,Marketing
Duke University,Biology
Duke University,Economics
Duke University,Public Policy
Emory University,Business Administration and Management
Emory University,Biology
Emory University,Economics
Florida State University,Psychology
Florida State University,Criminal Justice
Florida State University,Finance
Fordham University,Speech Communication
Fordham University,Business Administration and Management
Fordham University,Psychology
George Washington University,Social Sciences
George Washington University,Marketing
George Washington University,Nursing
Georgetown University,Social Sciences
Georgetown University,Marketing
Georgetown University,Nursing
Georgia Institute of Technology,Engineering
Georgia Institute of Technology,Marketing
Georgia Institute of Technology,Computer Science
Harvard University,Social Sciences
Harvard University,Biology
Harvard University,Mathematics
Indiana University at Bloomington,Marketing
Indiana University at Bloomington,Communication
Indiana University at Bloomington,Biomedical Sciences
Johns Hopkins University,Public Health
Johns Hopkins University,Biomedical Engineering
Johns Hopkins University,Neuroscience
Lehigh University,Finance
Lehigh University,Mechanical Engineering
Lehigh University,Accounting
Marquette University,Marketing
Marquette University,Biomedical Sciences
Marquette University,Communication
Massachusetts Institute of Technology,Engineering
Massachusetts Institute of Technology,Computer Science
Massachusetts Institute of Technology,Mathematics
Miami University at Oxford,Marketing
Miami University at Oxford,Social Sciences
Miami University at Oxford,Communication
Michigan State University,Marketing
Michigan State University,Communication
Michigan State University,Social Sciences
New York University,Visual and Performing Arts
New York University,Social Sciences
New York University,Marketing
North Carolina State University at Raleigh,Engineering
North Carolina State University at Raleigh,Biomedical Sciences
North Carolina State University at Raleigh,Agriculture
Northeastern University,Marketing
Northeastern University,Engineering
Northeastern University,Public Health
Northwestern University,Economics
Northwestern University,Psychology
Northwestern University,Biology
Ohio State University at Columbus,Psychology
Ohio State University at Columbus,Speech Communication
Ohio State University at Columbus,Finance
Pennsylvania State University at University Park,Engineering
Pennsylvania State University at University Park,Marketing
Pennsylvania State University at University Park,Communication
Pepperdine University,Marketing
Pepperdine University,Psychology
Pepperdine University,Social Sciences
Princeton University,Public Policy
Princeton University,Computer Science
Princeton University,Econometrics
Purdue University at West Lafayette,Engineering
Purdue University at West Lafayette,Marketing
Purdue University at West Lafayette,Agriculture
Rensselaer Polytechnic Institute,Information Technology
Rensselaer Polytechnic Institute,Marketing
Rensselaer Polytechnic Institute,Architecture
Rice University,Biochemistry
Rice University,Economics
Rice University,Chemical Engineering
Rochester Institute of Technology,Engineering
Rochester Institute of Technology,Computer Science
Rochester Institute of Technology,Visual and Performing Arts
Rutgers University at New Brunswick,Psychology
Rutgers University at New Brunswick,Speech Communication
Rutgers University at New Brunswick,Biology
Saint Louis University,Nursing
Saint Louis University,Marketing
Saint Louis University,Engineering
Southern Methodist University,Communication
Southern Methodist University,Visual and Performing Arts
Southern Methodist University,Social Sciences
Stanford University,Information Technology
Stanford University,Biomedical Sciences
Stanford University,Engineering
Stevens Institute of Technology,Mechanical Engineering
Stevens Institute of Technology,Business Administration and Management
Stevens Institute of Technology,Electrical Engineering
Stony Brook University SUNY,Nursing
Stony Brook University SUNY,Biology
Stony Brook University SUNY,Psychology
SUNY College of Environmental Science and Forestry,Agriculture
SUNY College of Environmental Science and Forestry,Economics
SUNY College of Environmental Science and Forestry,Social Sciences
Syracuse University,Marketing
Syracuse University,Communication
Syracuse University,Social Sciences
Texas A&M University at College Station,Marketing
Texas A&M University at College Station,Engineering
Texas A&M University at College Station,Agriculture
Texas Christian University,Nursing
Texas Christian University,Visual and Performing Arts
Texas Christian University,Finance
Tufts University,Social Sciences
Tufts University,Computer Science
Tufts University,Information Technology
Tulane University,Biomedical Sciences
Tulane University,Public Health
Tulane University,Communication
University at Buffalo SUNY,Psychology
University at Buffalo SUNY,Engineering
University at Buffalo SUNY,Marketing
University of California at Berkeley,Mathematics
University of California at Berkeley,Engineering
University of California at Berkeley,Social Sciences
University of California at Davis,Psychology
University of California at Davis,Engineering
University of California at Davis,Agriculture
University of California at Irvine,Public Health
University of California at Irvine,Criminal Justice
University of California at Irvine,Biology
University of California at Los Angeles,Social Sciences
University of California at Los Angeles,Psychology
University of California at Los Angeles,Biomedical Sciences
University of California at San Diego,Computer Science
University of California at San Diego,Psychology
University of California at San Diego,Economics
University of California at Santa Barbara,Visual and Performing Arts
University of California at Santa Barbara,Communication
University of California at Santa Barbara,Biology
University of California at Santa Cruz,Psychology
University of California at Santa Cruz,Neuroscience
University of California at Santa Cruz,Finance
University of Chicago,Economics
University of Chicago,Mathematics
University of Chicago,Political Science
University of Colorado at Boulder,Marketing
University of Colorado at Boulder,Communication
University of Colorado at Boulder,Biology
University of Connecticut,Nursing
University of Connecticut,Engineering
University of Connecticut,Biomedical Sciences
University of Delaware,Marketing
University of Delaware,Business Administration and Management
University of Delaware,Public Health
University of Denver,Social Sciences
University of Denver,Communication
University of Denver,Psychology
University of Florida,Engineering
University of Florida,Biomedical Sciences
University of Florida,Communication
University of Georgia,Psychology
University of Georgia,Finance
University of Georgia,International Relations and Affairs
University of Illinois at Urbana-Champaign,Social Sciences
University of Illinois at Urbana-Champaign,Engineering
University of Illinois at Urbana-Champaign,International Relations and Affairs
University of Iowa,Marketing
University of Iowa,Agriculture
University of Iowa,Social Sciences
University of Maryland at College Park,Computer Science
University of Maryland at College Park,Criminal Justice
University of Maryland at College Park,Finance
University of Massachusetts at Amherst,Biology
University of Massachusetts at Amherst,Psychology
University of Massachusetts at Amherst,Public Policy
University of Miami,Nursing
University of Miami,Biomedical Sciences
University of Miami,Communication
University of Michigan at Ann Arbor,Psychology
University of Michigan at Ann Arbor,Economics
University of Michigan at Ann Arbor,Information Technology
University of Minnesota at Twin Cities,Social Sciences
University of Minnesota at Twin Cities,Psychology
University of Minnesota at Twin Cities,Biology
University of North Carolina at Chapel Hill,Communication
University of North Carolina at Chapel Hill,Political Science
University of North Carolina at Chapel Hill,International Relations and Affairs
University of Notre Dame,Psychology
University of Notre Dame,Political Science
University of Notre Dame,Accounting
University of Oklahoma,Engineering
University of Oklahoma,Public Health
University of Oklahoma,Marketing
University of Pennsylvania,Finance
University of Pennsylvania,Nursing
University of Pennsylvania,Political Science
University of Pittsburgh,Marketing
University of Pittsburgh,Nursing
University of Pittsburgh,Engineering
University of Rochester,Social Sciences
University of Rochester,Biomedical Sciences
University of Rochester,Psychology
University of San Diego,Engineering
University of San Diego,Communication
University of San Diego,Marketing
University of Southern California,Visual and Performing Arts
University of Southern California,Engineering
University of Southern California,Social Sciences
University of Texas at Austin,Communication
University of Texas at Austin,Engineering
University of Texas at Austin,Marketing
University of Tulsa,Psychology
University of Tulsa,Accounting
University of Tulsa,Computer Science
University of Vermont,Agriculture
University of Vermont,Political Science
University of Vermont,Psychology
University of Virginia,Economics
University of Virginia,Biology
University of Virginia,International Relations and Affairs
University of Washington,Social Sciences
University of Washington,Engineering
University of Washington,Communication
University of Wisconsin at Madison,Economics
University of Wisconsin at Madison,Speech Communication
University of Wisconsin at Madison,Psychology
Vanderbilt University,Economics
Vanderbilt University,Social Sciences
Vanderbilt University,Mathematics
Villanova University,Social Sciences
Villanova University,Engineering
Villanova University,Marketing
Virginia Tech,Biomedical Sciences
Virginia Tech,Marketing
Virginia Tech,Engineering
Wake Forest University,Psychology
Wake Forest University,Marketing
Wake Forest University,Biology
Washington University in St. Louis,Social Sciences
Washington University in St. Louis,Psychology
Washington University in St. Louis,Biology
Worcester Polytechnic Institute,Mechanical Engineering
Worcester Polytechnic Institute,Electrical Engineering
Worcester Polytechnic Institute,Chemical Engineering
Yale University,Political Science
Yale University,Economics
Yale University,Psychology
Yeshiva University,Social Sciences
Yeshiva University,Communication
Yeshiva University,Marketing